{
  "data_info": {
    "train_samples": 3662,
    "val_samples": 785,
    "test_samples": 624,
    "image_shape": [
      224,
      224,
      3
    ],
    "num_classes": 2
  },
  "training": {
    "model_path": "experiments/quick_test_model.pth",
    "results_path": "experiments/quick_test_model_results.json",
    "best_accuracy": 95.4140127388535,
    "training_time": 471.52419209480286
  },
  "evaluation": {
    "test_accuracy": 62.5,
    "test_auc": 0.5,
    "classification_report": {
      "Normal": {
        "precision": 0.0,
        "recall": 0.0,
        "f1-score": 0.0,
        "support": 234.0
      },
      "Pneumonia": {
        "precision": 0.625,
        "recall": 1.0,
        "f1-score": 0.7692307692307693,
        "support": 390.0
      },
      "accuracy": 0.625,
      "macro avg": {
        "precision": 0.3125,
        "recall": 0.5,
        "f1-score": 0.38461538461538464,
        "support": 624.0
      },
      "weighted avg": {
        "precision": 0.390625,
        "recall": 0.625,
        "f1-score": 0.4807692307692308,
        "support": 624.0
      }
    },
    "confusion_matrix": [
      [
        0,
        234
      ],
      [
        0,
        390
      ]
    ]
  },
  "explanations": {
    "num_samples": 4,
    "sample_indices": [
      1,
      3,
      0,
      2
    ],
    "sample_labels": [
      0,
      0,
      1,
      1
    ],
    "results": [
      {
        "predicted_class": 1,
        "predicted_label": "Pneumonia",
        "confidence": 0.9955452680587769,
        "probabilities": [
          0.004454727750271559,
          0.9955452680587769
        ],
        "heatmaps": {
          "Normal": [
            [
              0.42433834075927734,
              0.44367295503616333,
              0.4825102984905243,
              0.5595273971557617,
              0.5375082492828369,
              0.5133592486381531,
              0.4609059691429138,
              0.4455900192260742
            ],
            [
              0.41935402154922485,
              0.5221286416053772,
              0.5567278265953064,
              0.5746728181838989,
              0.5778182744979858,
              0.5968036651611328,
              0.6088616251945496,
              0.5531046986579895
            ],
            [
              0.5371572971343994,
              0.6318222284317017,
              0.6568906903266907,
              0.6284167170524597,
              0.5809069275856018,
              0.6409769654273987,
              0.7294458150863647,
              0.712020218372345
            ],
            [
              0.7969368100166321,
              0.7750470042228699,
              0.8347454071044922,
              0.8995452523231506,
              0.7362874746322632,
              0.7511008977890015,
              0.8632218837738037,
              0.9420322179794312
            ],
            [
              0.927033007144928,
              1.0,
              0.8976855278015137,
              0.8394492268562317,
              0.7761507034301758,
              0.7678200602531433,
              0.7977068424224854,
              0.924269437789917
            ],
            [
              0.7168751955032349,
              0.7447333335876465,
              0.6058388352394104,
              0.2888162136077881,
              0.20918792486190796,
              0.4111652970314026,
              0.5028499960899353,
              0.5569246411323547
            ],
            [
              0.3357914090156555,
              0.29009103775024414,
              0.17693299055099487,
              0.0,
              0.0,
              0.16277341544628143,
              0.31292784214019775,
              0.3435945212841034
            ],
            [
              0.4134141206741333,
              0.4144241213798523,
              0.3670317530632019,
              0.2640976905822754,
              0.22082386910915375,
              0.31147944927215576,
              0.39741960167884827,
              0.34382501244544983
            ]
          ],
          "Pneumonia": [
            [
              0.0,
              0.0,
              0.0,
              0.0,
              0.0,
              0.0,
              0.0,
              0.0
            ],
            [
              0.0,
              0.0,
              0.0,
              0.0,
              0.0,
              0.0,
              0.0,
              0.0
            ],
            [
              0.0,
              0.0,
              0.0,
              0.0,
              0.0,
              0.0,
              0.0,
              0.0
            ],
            [
              0.0,
              0.0,
              0.0,
              0.0,
              0.0,
              0.0,
              0.0,
              0.0
            ],
            [
              0.0,
              0.0,
              0.0,
              0.0,
              0.0,
              0.0,
              0.0,
              0.0
            ],
            [
              0.0,
              0.0,
              0.0,
              0.0,
              0.0,
              0.0,
              0.0,
              0.0
            ],
            [
              0.0,
              0.0,
              0.0,
              0.846735417842865,
              1.0,
              0.0,
              0.0,
              0.0
            ],
            [
              0.0,
              0.0,
              0.0,
              0.0,
              0.0,
              0.0,
              0.0,
              0.0
            ]
          ]
        },
        "visualization_path": "experiments/quick_test_gradcam/gradcam_analysis_1.png"
      },
      {
        "predicted_class": 0,
        "predicted_label": "Normal",
        "confidence": 0.9399310946464539,
        "probabilities": [
          0.9399310946464539,
          0.060068875551223755
        ],